fips,rate
01001,256.21
01003,253.37
01005,253.37
01007,257.80
01009,257.80
01011,253.37
01013,253.37
01015,256.21
01017,253.37
01019,253.37
01021,257.80
01023,253.37
01025,253.37
01027,253.37
01029,253.37
01031,253.37
01033,251.53
01035,253.37
01037,253.37
01039,253.37
01041,253.37
01043,253.37
01045,253.37
01047,253.37
01049,253.37
01051,256.21
01053,253.37
01055,256.21
01057,253.37
01059,253.37
01061,259.34
01063,251.53
01065,251.53
01067,259.34
01069,259.34
01071,253.37
01073,257.80
01075,253.37
01077,251.53
01079,271.77
01081,277.55
01083,259.94
01085,256.21
01087,253.37
01089,259.94
01091,253.37
01093,253.37
01095,253.37
01097,248.90
01099,253.37
01101,256.21
01103,271.77
01105,253.37
01107,253.37
01109,253.37
01111,253.37
01113,277.55
01115,257.80
01117,257.80
01119,253.37
01121,253.37
01123,253.37
01125,251.53
01127,257.80
01129,253.37
01131,253.37
01133,253.37
04001,209.35
04003,234.32
04005,209.35
04007,226.04
04009,234.32
04011,234.32
04012,255.96
04013,172.09
04015,209.35
04017,209.35
04019,174.65
04021,226.04
04023,174.65
04025,292.90
04027,255.96
05001,269.21
05003,269.21
05005,300.77
05007,300.77
05009,300.77
05011,269.21
05013,288.08
05015,300.77
05017,269.21
05019,275.40
05021,285.61
05023,328.93
05025,269.21
05027,288.08
05029,328.93
05031,285.61
05033,286.54
05035,285.61
05037,285.61
05039,269.21
05041,269.21
05043,269.21
05045,328.93
05047,286.54
05049,285.61
05051,275.40
05053,328.93
05055,285.61
05057,288.08
05059,275.40
05061,288.08
05063,285.61
05065,285.61
05067,285.61
05069,269.21
05071,286.54
05073,288.08
05075,285.61
05077,269.21
05079,269.21
05081,288.08
05083,286.54
05085,328.93
05087,300.77
05089,300.77
05091,288.08
05093,285.61
05095,269.21
05097,275.40
05099,288.08
05101,300.77
05103,288.08
05105,328.93
05107,269.21
05109,275.40
05111,285.61
05113,286.54
05115,328.93
05117,328.93
05119,328.93
05121,285.61
05123,285.61
05125,328.93
05127,286.54
05129,300.77
05131,286.54
05133,288.08
05135,285.61
05137,285.61
05139,288.08
05141,328.93
05143,300.77
05145,328.93
05147,285.61
05149,328.93
06001,
06003,
06005,
06007,
06009,
06011,
06013,
06015,
06017,
06019,
06021,
06023,
06025,
06027,
06029,
06031,
06033,
06035,
06039,
06041,
06043,
06045,
06047,
06049,
06051,
06053,
06055,
06057,
06059,
06061,
06063,
06065,
06067,
06069,
06071,
06073,
06075,
06077,
06079,
06081,
06083,
06085,
06087,
06089,
06091,
06093,
06095,
06097,
06099,
06101,
06103,
06105,
06107,
06109,
06111,
06113,
06115,
08001,
08003,
08005,
08007,
08009,
08011,
08013,
08014,
08015,
08017,
08019,
08021,
08023,
08025,
08027,
08029,
08031,
08033,
08035,
08037,
08039,
08041,
08043,
08045,
08047,
08049,
08051,
08053,
08055,
08057,
08059,
08061,
08063,
08065,
08067,
08069,
08071,
08073,
08075,
08077,
08079,
08081,
08083,
08085,
08087,
08089,
08091,
08093,
08095,
08097,
08099,
08101,
08103,
08105,
08107,
08109,
08111,
08113,
08115,
08117,
08119,
08121,
08123,
08125,
09001,
09003,
09005,
09007,
09009,
09011,
09013,
09015,
10001,293.20
10003,293.20
10005,293.20
11001,
12001,292.30
12003,294.44
12005,267.27
12007,287.16
12009,290.73
12011,235.79
12013,308.12
12015,281.44
12017,281.14
12019,294.44
12021,308.36
12023,312.04
12027,321.43
12029,324.61
12031,265.03
12033,269.74
12035,294.87
12037,329.53
12039,325.60
12041,324.61
12043,348.07
12045,275.25
12047,330.90
12049,346.89
12051,345.08
12053,286.16
12055,302.17
12057,268.49
12059,325.60
12061,247.51
12063,325.60
12065,305.46
12067,330.90
12069,280.92
12071,292.01
12073,296.15
12075,306.63
12077,329.53
12079,325.60
12081,264.30
12083,272.84
12085,291.80
12086,271.92
12087,394.62
12089,294.87
12091,269.81
12093,318.27
12095,290.24
12097,295.85
12099,280.06
12101,277.81
12103,280.46
12105,301.41
12107,294.44
12109,290.87
12111,278.80
12113,268.56
12115,264.30
12117,300.75
12119,280.02
12121,322.13
12123,305.46
12125,231.68
12127,263.86
12129,305.46
12131,284.81
12133,304.21
13001,232.37
13003,290.60
13005,290.60
13007,363.61
13009,262.49
13011,258.86
13013,227.13
13015,248.98
13017,325.64
13019,325.64
13021,273.01
13023,273.01
13025,290.60
13027,325.64
13029,232.37
13031,232.37
13033,248.17
13035,248.98
13037,363.61
13039,290.60
13043,232.37
13045,310.82
13047,276.05
13049,290.60
13051,232.37
13053,253.95
13055,285.76
13057,248.98
13059,227.13
13061,363.61
13063,248.98
13065,325.64
13067,248.98
13069,290.60
13071,325.64
13073,248.17
13075,325.64
13077,248.98
13079,273.01
13081,363.61
13083,276.05
13085,258.86
13087,325.64
13089,248.98
13091,273.01
13093,273.01
13095,363.61
13097,248.98
13099,325.64
13101,325.64
13103,232.37
13105,227.13
13107,248.17
13109,232.37
13111,271.73
13113,248.98
13115,285.76
13117,248.98
13119,258.86
13121,248.98
13123,285.76
13125,248.17
13127,290.60
13129,285.76
13131,325.64
13133,227.13
13135,248.98
13137,258.86
13139,258.86
13141,262.49
13143,310.82
13145,253.95
13147,258.86
13149,310.82
13151,248.98
13153,273.01
13155,325.64
13157,227.13
13159,248.98
13161,290.60
13163,248.17
13165,248.17
13167,290.60
13169,273.01
13171,248.98
13173,325.64
13175,290.60
13177,363.61
13179,232.37
13181,248.17
13183,232.37
13185,325.64
13187,258.86
13189,248.17
13191,290.60
13193,253.95
13195,227.13
13197,253.95
13199,253.95
13201,325.64
13205,363.61
13207,273.01
13209,290.60
13211,227.13
13213,271.73
13215,253.95
13217,248.98
13219,227.13
13221,227.13
13223,248.98
13225,273.01
13227,285.76
13229,290.60
13231,248.98
13233,285.76
13235,273.01
13237,273.01
13239,253.95
13241,258.86
13243,363.61
13245,248.17
13247,248.98
13249,363.61
13251,232.37
13253,325.64
13255,248.98
13257,258.86
13259,253.95
13261,363.61
13263,253.95
13265,248.17
13267,232.37
13269,253.95
13271,290.60
13273,363.61
13275,325.64
13277,325.64
13279,290.60
13281,258.86
13283,290.60
13285,253.95
13287,325.64
13289,273.01
13291,258.86
13293,253.95
13295,276.05
13297,248.98
13299,290.60
13301,248.17
13303,262.49
13305,290.60
13307,253.95
13309,290.60
13311,258.86
13313,271.73
13315,273.01
13317,248.17
13319,262.49
13321,363.61
15001,
15003,
15007,
15009,
17001,258.27
17003,284.11
17005,249.36
17007,270.16
17009,258.27
17011,222.38
17013,249.36
17015,270.16
17017,258.27
17019,269.90
17021,258.27
17023,269.90
17025,284.11
17027,249.36
17029,269.90
17031,209.95
17033,284.11
17035,269.90
17037,270.16
17039,269.90
17041,269.90
17043,225.12
17045,269.90
17047,284.11
17049,284.11
17051,284.11
17053,269.90
17055,284.11
17057,227.15
17059,284.11
17061,249.36
17063,221.32
17065,284.11
17067,222.38
17069,284.11
17071,222.38
17073,222.38
17075,269.90
17077,284.11
17079,284.11
17081,284.11
17083,249.36
17085,270.16
17087,284.11
17089,225.12
17091,221.32
17093,221.32
17095,227.15
17097,238.23
17099,227.15
17101,284.11
17103,270.16
17105,269.90
17107,258.27
17109,227.15
17111,238.23
17113,269.90
17115,258.27
17117,249.36
17119,246.78
17121,284.11
17123,227.15
17125,258.27
17127,284.11
17129,258.27
17131,222.38
17133,246.78
17135,249.36
17137,258.27
17139,258.27
17141,270.16
17143,227.15
17145,284.11
17147,269.90
17149,258.27
17151,284.11
17153,284.11
17155,227.15
17157,249.36
17159,284.11
17161,222.38
17163,246.78
17165,284.11
17167,258.27
17169,258.27
17171,258.27
17173,258.27
17175,227.15
17177,270.16
17179,227.15
17181,284.11
17183,269.90
17185,284.11
17187,222.38
17189,249.36
17191,284.11
17193,284.11
17195,222.38
17197,221.32
17199,284.11
17201,270.16
17203,227.15
18001,282.43
18003,272.81
18005,336.78
18007,309.62
18009,317.22
18011,320.57
18013,329.61
18015,323.92
18017,301.36
18019,195.84
18021,337.99
18023,323.92
18025,195.84
18027,266.60
18029,313.54
18031,336.78
18033,282.43
18035,317.22
18037,266.60
18039,316.63
18041,326.98
18043,195.84
18045,323.92
18047,313.54
18049,301.36
18051,347.05
18053,317.22
18055,266.60
18057,320.57
18059,326.98
18061,195.84
18063,320.57
18065,326.98
18067,301.36
18069,282.43
18071,336.78
18073,309.62
18075,317.22
18077,195.84
18079,336.78
18081,329.61
18083,266.60
18085,316.63
18087,282.43
18089,293.60
18091,293.60
18093,329.61
18095,326.98
18097,320.57
18099,316.63
18101,266.60
18103,301.36
18105,329.61
18107,323.92
18109,320.57
18111,309.62
18113,282.43
18115,313.54
18117,266.60
18119,329.61
18121,337.99
18123,266.60
18125,266.60
18127,293.60
18129,347.05
18131,301.36
18133,323.92
18135,317.22
18137,313.54
18139,336.78
18141,316.63
18143,195.84
18145,320.57
18147,266.60
18149,316.63
18151,282.43
18153,337.99
18155,313.54
18157,323.92
18159,323.92
18161,326.98
18163,347.05
18165,337.99
18167,337.99
18169,282.43
18171,309.62
18173,347.05
18175,195.84
18177,326.98
18179,282.43
18181,309.62
18183,282.43
19001,214.03
19003,214.03
19005,254.56
19007,242.39
19009,214.03
19011,240.12
19013,240.12
19015,287.30
19017,254.56
19019,240.12
19021,252.76
19023,254.56
19025,287.30
19027,287.30
19029,214.03
19031,240.12
19033,254.56
19035,252.76
19037,254.56
19039,214.03
19041,252.76
19043,240.12
19045,240.12
19047,252.76
19049,199.43
19051,242.39
19053,214.03
19055,240.12
19057,242.39
19059,252.76
19061,240.12
19063,254.56
19065,254.56
19067,254.56
19069,254.56
19071,214.03
19073,287.30
19075,287.30
19077,214.03
19079,287.30
19081,254.56
19083,287.30
19085,214.03
19087,242.39
19089,254.56
19091,254.56
19093,252.76
19095,240.12
19097,240.12
19099,199.43
19101,242.39
19103,240.12
19105,240.12
19107,242.39
19109,254.56
19111,242.39
19113,240.12
19115,242.39
19117,242.39
19119,252.76
19121,199.43
19123,242.39
19125,199.43
19127,287.30
19129,214.03
19131,254.56
19133,252.76
19135,242.39
19137,214.03
19139,242.39
19141,252.76
19143,252.76
19145,214.03
19147,252.76
19149,252.76
19151,252.76
19153,199.43
19155,214.03
19157,287.30
19159,214.03
19161,252.76
19163,240.12
19165,214.03
19167,252.76
19169,287.30
19171,287.30
19173,214.03
19175,214.03
19177,242.39
19179,242.39
19181,199.43
19183,242.39
19185,242.39
19187,287.30
19189,254.56
19191,254.56
19193,252.76
19195,254.56
19197,254.56
20001,214.63
20003,223.29
20005,223.29
20007,233.53
20009,249.44
20011,214.63
20013,223.29
20015,212.35
20017,212.35
20019,212.35
20021,214.63
20023,249.44
20025,233.53
20027,224.54
20029,224.54
20031,223.29
20033,233.53
20035,212.35
20037,214.63
20039,249.44
20041,224.54
20043,223.29
20045,223.29
20047,233.53
20049,212.35
20051,249.44
20053,224.54
20055,233.53
20057,233.53
20059,223.29
20061,224.54
20063,249.44
20065,249.44
20067,233.53
20069,233.53
20071,249.44
20073,212.35
20075,233.53
20077,212.35
20079,212.35
20081,233.53
20083,233.53
20085,223.29
20087,223.29
20089,224.54
20091,218.55
20093,233.53
20095,212.35
20097,233.53
20099,214.63
20101,249.44
20103,218.55
20105,224.54
20107,223.29
20109,249.44
20111,223.29
20113,212.35
20115,212.35
20117,223.29
20119,233.53
20121,218.55
20123,224.54
20125,212.35
20127,224.54
20129,233.53
20131,223.29
20133,214.63
20135,249.44
20137,249.44
20139,223.29
20141,249.44
20143,224.54
20145,233.53
20147,249.44
20149,223.29
20151,233.53
20153,249.44
20155,212.35
20157,224.54
20159,212.35
20161,224.54
20163,249.44
20165,249.44
20167,249.44
20169,224.54
20171,249.44
20173,212.35
20175,233.53
20177,223.29
20179,249.44
20181,249.44
20183,249.44
20185,233.53
20187,233.53
20189,233.53
20191,212.35
20193,249.44
20195,249.44
20197,223.29
20199,249.44
20201,224.54
20203,249.44
20205,212.35
20207,214.63
20209,218.55
21001,
21003,
21005,
21007,
21009,
21011,
21013,
21015,
21017,
21019,
21021,
21023,
21025,
21027,
21029,
21031,
21033,
21035,
21037,
21039,
21041,
21043,
21045,
21047,
21049,
21051,
21053,
21055,
21057,
21059,
21061,
21063,
21065,
21067,
21069,
21071,
21073,
21075,
21077,
21079,
21081,
21083,
21085,
21087,
21089,
21091,
21093,
21095,
21097,
21099,
21101,
21103,
21105,
21107,
21109,
21111,
21113,
21115,
21117,
21119,
21121,
21123,
21125,
21127,
21129,
21131,
21133,
21135,
21137,
21139,
21141,
21143,
21145,
21147,
21149,
21151,
21153,
21155,
21157,
21159,
21161,
21163,
21165,
21167,
21169,
21171,
21173,
21175,
21177,
21179,
21181,
21183,
21185,
21187,
21189,
21191,
21193,
21195,
21197,
21199,
21201,
21203,
21205,
21207,
21209,
21211,
21213,
21215,
21217,
21219,
21221,
21223,
21225,
21227,
21229,
21231,
21233,
21235,
21237,
21239,
22001,315.33
22003,303.94
22005,300.63
22007,307.40
22009,329.99
22011,303.94
22013,300.52
22015,300.52
22017,300.52
22019,303.94
22021,331.50
22023,303.94
22025,329.99
22027,300.52
22029,329.99
22031,300.52
22033,300.63
22035,331.50
22037,300.63
22039,315.33
22041,331.50
22043,329.99
22045,315.33
22047,300.63
22049,331.50
22051,288.15
22053,303.94
22055,315.33
22057,307.40
22059,329.99
22061,331.50
22063,300.63
22065,331.50
22067,331.50
22069,300.52
22071,288.15
22073,331.50
22075,288.15
22077,300.63
22079,329.99
22081,300.52
22083,331.50
22085,300.52
22087,288.15
22089,288.15
22091,300.63
22093,288.15
22095,288.15
22097,315.33
22099,315.33
22101,315.33
22103,288.15
22105,300.63
22107,331.50
22109,307.40
22111,331.50
22113,315.33
22115,329.99
22117,300.63
22119,300.52
22121,300.63
22123,331.50
22125,300.63
22127,329.99
23001,332.78
23003,384.98
23005,274.87
23007,332.78
23009,384.98
23011,311.43
23013,311.43
23015,311.43
23017,311.43
23019,332.78
23021,332.78
23023,274.87
23025,332.78
23027,332.78
23029,384.98
23031,274.87
24001,
24003,
24005,
24009,
24011,
24013,
24015,
24017,
24019,
24021,
24023,
24025,
24027,
24029,
24031,
24033,
24035,
24037,
24039,
24041,
24043,
24045,
24047,
24510,
26001,265.54
26003,340.20
26005,267.35
26007,265.54
26009,249.65
26011,250.33
26013,340.20
26015,267.35
26017,250.33
26019,249.65
26021,286.08
26023,283.68
26025,283.68
26027,286.08
26029,249.65
26031,265.54
26033,265.54
26035,250.33
26037,280.47
26039,265.54
26041,340.20
26043,340.20
26045,280.47
26047,249.65
26049,248.99
26051,250.33
26053,340.20
26055,249.65
26057,250.33
26059,280.47
26061,340.20
26063,250.33
26065,280.47
26067,221.63
26069,265.54
26071,340.20
26073,250.33
26075,280.47
26077,283.68
26079,249.65
26081,221.63
26083,340.20
26085,221.63
26087,248.99
26089,249.65
26091,269.00
26093,269.00
26095,340.20
26097,265.54
26099,228.38
26101,249.65
26103,340.20
26105,221.63
26107,221.63
26109,340.20
26111,250.33
26113,249.65
26115,223.86
26117,221.63
26119,265.54
26121,221.63
26123,221.63
26125,228.38
26127,221.63
26129,265.54
26131,340.20
26133,221.63
26135,265.54
26137,265.54
26139,221.63
26141,265.54
26143,265.54
26145,250.33
26147,261.21
26149,286.08
26151,250.33
26153,340.20
26155,248.99
26157,250.33
26159,286.08
26161,269.00
26163,223.86
26165,249.65
27001,
27003,
27005,
27007,
27009,
27011,
27013,
27015,
27017,
27019,
27021,
27023,
27025,
27027,
27029,
27031,
27033,
27035,
27037,
27039,
27041,
27043,
27045,
27047,
27049,
27051,
27053,
27055,
27057,
27059,
27061,
27063,
27065,
27067,
27069,
27071,
27073,
27075,
27077,
27079,
27081,
27083,
27085,
27087,
27089,
27091,
27093,
27095,
27097,
27099,
27101,
27103,
27105,
27107,
27109,
27111,
27113,
27115,
27117,
27119,
27121,
27123,
27125,
27127,
27129,
27131,
27133,
27135,
27137,
27139,
27141,
27143,
27145,
27147,
27149,
27151,
27153,
27155,
27157,
27159,
27161,
27163,
27165,
27167,
27169,
27171,
27173,
28001,265.73
28003,265.73
28005,265.73
28007,265.73
28009,285.69
28011,265.73
28013,265.73
28015,265.73
28017,265.73
28019,265.73
28021,265.73
28023,265.73
28025,265.73
28027,265.73
28029,297.21
28031,265.73
28033,265.62
28035,315.35
28037,265.73
28039,300.96
28041,315.35
28043,265.73
28045,300.96
28047,300.96
28049,297.21
28051,265.73
28053,265.73
28055,265.73
28057,285.69
28059,300.96
28061,265.73
28063,265.73
28065,265.73
28067,315.35
28069,265.73
28071,265.73
28073,315.35
28075,265.73
28077,265.73
28079,265.73
28081,285.69
28083,265.73
28085,265.73
28087,265.73
28089,297.21
28091,265.73
28093,265.62
28095,265.73
28097,265.73
28099,265.73
28101,265.73
28103,265.73
28105,265.73
28107,265.73
28109,315.35
28111,315.35
28113,265.73
28115,285.69
28117,265.73
28119,265.73
28121,297.21
28123,265.73
28125,265.73
28127,297.21
28129,265.73
28131,300.96
28133,265.73
28135,265.73
28137,265.62
28139,285.69
28141,265.73
28143,265.62
28145,285.69
28147,265.73
28149,297.21
28151,265.73
28153,265.73
28155,265.73
28157,265.73
28159,265.73
28161,265.73
28163,265.73
29001,383.31
29003,282.66
29005,282.66
29007,301.87
29009,268.94
29011,271.37
29013,288.15
29015,288.15
29017,310.45
29019,301.87
29021,282.66
29023,310.45
29025,282.66
29027,301.87
29029,301.87
29031,310.45
29033,282.66
29035,345.43
29037,245.20
29039,268.94
29041,301.87
29043,268.94
29045,383.31
29047,245.20
29049,282.66
29051,301.87
29053,301.87
29055,345.43
29057,268.94
29059,268.94
29061,282.66
29063,282.66
29065,345.43
29067,268.94
29069,310.45
29071,269.11
29073,301.87
29075,282.66
29077,268.94
29079,282.66
29081,282.66
29083,288.15
29085,268.94
29087,282.66
29089,301.87
29091,345.43
29093,345.43
29095,245.20
29097,271.37
29099,269.11
29101,288.15
29103,383.31
29105,268.94
29107,288.15
29109,268.94
29111,383.31
29113,269.11
29115,383.31
29117,282.66
29119,271.37
29121,383.31
29123,310.45
29125,301.87
29127,383.31
29129,282.66
29131,301.87
29133,310.45
29135,301.87
29137,301.87
29139,301.87
29141,301.87
29143,310.45
29145,271.37
29147,282.66
29149,345.43
29151,301.87
29153,268.94
29155,310.45
29157,310.45
29159,288.15
29161,345.43
29163,383.31
29165,245.20
29167,268.94
29169,345.43
29171,383.31
29173,383.31
29175,301.87
29177,282.66
29179,345.43
29181,345.43
29183,269.11
29185,288.15
29186,269.11
29187,269.11
29189,269.11
29195,288.15
29197,383.31
29199,383.31
29201,310.45
29203,345.43
29205,383.31
29207,310.45
29209,268.94
29211,383.31
29213,268.94
29215,345.43
29217,288.15
29219,269.11
29221,269.11
29223,310.45
29225,268.94
29227,282.66
29229,268.94
29510,269.11
30001,232.07
30003,232.07
30005,232.07
30007,232.07
30009,235.02
30011,232.07
30013,232.07
30015,232.07
30017,232.07
30019,232.07
30021,232.07
30023,232.07
30025,232.07
30027,232.07
30029,235.02
30031,232.07
30033,232.07
30035,232.07
30037,232.07
30039,232.07
30041,232.07
30043,232.07
30045,232.07
30047,235.02
30049,232.07
30051,232.07
30053,232.07
30055,232.07
30057,232.07
30059,232.07
30061,232.07
30063,235.02
30065,235.02
30067,232.07
30069,232.07
30071,232.07
30073,232.07
30075,232.07
30077,232.07
30079,232.07
30081,232.07
30083,232.07
30085,232.07
30087,232.07
30089,232.07
30091,232.07
30093,232.07
30095,235.02
30097,235.02
30099,232.07
30101,232.07
30103,232.07
30105,232.07
30107,232.07
30109,232.07
30111,235.02
32001,246.66
32003,231.52
32005,333.90
32007,246.66
32009,246.66
32011,246.66
32013,246.66
32015,246.66
32017,246.66
32019,333.90
32021,246.66
32023,231.52
32027,246.66
32029,333.90
32031,300.97
32033,246.66
32510,333.90
33001,240.45
33003,240.45
33005,240.45
33007,240.45
33009,240.45
33011,240.45
33013,240.45
33015,240.45
33017,240.45
33019,240.45
34001,
34003,
34005,
34007,
34009,
34011,
34013,
34015,
34017,
34019,
34021,
34023,
34025,
34027,
34029,
34031,
34033,
34035,
34037,
34039,
34041,
35001,167.18
35003,211.11
35005,211.11
35006,211.11
35007,211.11
35009,211.11
35011,211.11
35013,203.70
35015,211.11
35017,211.11
35019,211.11
35021,211.11
35023,211.11
35025,211.11
35027,211.11
35028,211.11
35029,211.11
35031,211.11
35033,211.11
35035,211.11
35037,211.11
35039,211.11
35041,211.11
35043,167.18
35045,229.16
35047,211.11
35049,197.95
35051,211.11
35053,211.11
35055,211.11
35057,167.18
35059,211.11
35061,167.18
36001,
36003,
36005,
36007,
36009,
36011,
36013,
36015,
36017,
36019,
36021,
36023,
36025,
36027,
36029,
36031,
36033,
36035,
36037,
36039,
36041,
36043,
36045,
36047,
36049,
36051,
36053,
36055,
36057,
36059,
36061,
36063,
36065,
36067,
36069,
36071,
36073,
36075,
36077,
36079,
36081,
36083,
36085,
36087,
36089,
36091,
36093,
36095,
36097,
36099,
36101,
36103,
36105,
36107,
36109,
36111,
36113,
36115,
36117,
36119,
36121,
36123,
37001,283.08
37003,320.27
37005,337.25
37007,318.13
37009,337.25
37011,321.80
37013,355.30
37015,344.64
37017,274.67
37019,307.51
37021,321.80
37023,320.27
37025,318.13
37027,320.27
37029,344.64
37031,355.30
37033,283.08
37035,320.27
37037,283.08
37039,321.80
37041,344.64
37043,321.80
37045,299.97
37047,307.51
37049,355.30
37051,274.67
37053,344.64
37055,355.30
37057,302.23
37059,302.23
37061,307.51
37063,283.08
37065,322.19
37067,302.23
37069,283.08
37071,299.97
37073,344.64
37075,321.80
37077,300.59
37079,322.19
37081,293.45
37083,344.64
37085,274.67
37087,321.80
37089,321.80
37091,344.64
37093,274.67
37095,355.30
37097,320.27
37099,321.80
37101,283.08
37103,355.30
37105,283.08
37107,355.30
37109,299.97
37111,321.80
37113,321.80
37115,321.80
37117,344.64
37119,318.13
37121,321.80
37123,333.98
37125,333.98
37127,322.19
37129,307.51
37131,344.64
37133,307.51
37135,283.08
37137,355.30
37139,344.64
37141,307.51
37143,344.64
37145,283.08
37147,322.19
37149,321.80
37151,293.45
37153,274.67
37155,274.67
37157,293.45
37159,318.13
37161,321.80
37163,274.67
37165,274.67
37167,318.13
37169,302.23
37171,302.23
37173,321.80
37175,321.80
37177,355.30
37179,318.13
37181,300.59
37183,283.08
37185,300.59
37187,355.30
37189,337.25
37191,322.19
37193,337.25
37195,322.19
37197,302.23
37199,321.80
38001,297.93
38003,297.93
38005,297.93
38007,297.93
38009,297.93
38011,297.93
38013,297.93
38015,297.93
38017,265.63
38019,297.93
38021,297.93
38023,297.93
38025,297.93
38027,297.93
38029,297.93
38031,297.93
38033,297.93
38035,297.93
38037,297.93
38039,297.93
38041,297.93
38043,297.93
38045,297.93
38047,297.93
38049,297.93
38051,297.93
38053,297.93
38055,297.93
38057,297.93
38059,297.93
38061,297.93
38063,297.93
38065,297.93
38067,297.93
38069,297.93
38071,297.93
38073,297.93
38075,297.93
38077,297.93
38079,297.93
38081,297.93
38083,297.93
38085,297.93
38087,297.93
38089,297.93
38091,297.93
38093,297.93
38095,297.93
38097,297.93
38099,297.93
38101,297.93
38103,297.93
38105,297.93
39001,268.75
39003,263.50
39005,253.89
39007,240.52
39009,348.48
39011,263.50
39013,272.31
39015,268.75
39017,230.30
39019,254.44
39021,260.94
39023,260.94
39025,268.75
39027,268.75
39029,285.52
39031,272.31
39033,299.14
39035,240.52
39037,260.94
39039,235.06
39041,259.82
39043,248.54
39045,259.82
39047,259.82
39049,259.82
39051,235.06
39053,318.47
39055,240.52
39057,260.94
39059,272.31
39061,230.30
39063,263.50
39065,263.50
39067,272.31
39069,235.06
39071,268.75
39073,348.48
39075,277.94
39077,248.54
39079,318.47
39081,272.31
39083,259.82
39085,240.52
39087,318.47
39089,259.82
39091,259.82
39093,240.52
39095,235.06
39097,259.82
39099,285.52
39101,259.82
39103,253.89
39105,348.48
39107,263.50
39109,260.94
39111,272.31
39113,260.94
39115,272.31
39117,259.82
39119,272.31
39121,272.31
39123,248.54
39125,263.50
39127,272.31
39129,259.82
39131,318.47
39133,253.89
39135,260.94
39137,263.50
39139,299.14
39141,318.47
39143,248.54
39145,318.47
39147,248.54
39149,260.94
39151,254.44
39153,253.89
39155,285.52
39157,272.31
39159,259.82
39161,263.50
39163,318.47
39165,230.30
39167,348.48
39169,277.94
39171,235.06
39173,235.06
39175,248.54
40001,209.68
40003,209.68
40005,209.68
40007,209.68
40009,209.68
40011,209.68
40013,209.68
40015,209.68
40017,213.26
40019,209.68
40021,209.68
40023,209.68
40025,209.68
40027,213.26
40029,209.68
40031,205.64
40033,209.68
40035,209.68
40037,217.08
40039,209.68
40041,209.68
40043,209.68
40045,209.68
40047,209.68
40049,209.68
40051,213.26
40053,209.68
40055,209.68
40057,209.68
40059,209.68
40061,209.68
40063,209.68
40065,209.68
40067,209.68
40069,209.68
40071,209.68
40073,209.68
40075,209.68
40077,209.68
40079,248.69
40081,213.26
40083,213.26
40085,209.68
40087,213.26
40089,209.68
40091,209.68
40093,209.68
40095,209.68
40097,209.68
40099,209.68
40101,209.68
40103,209.68
40105,209.68
40107,209.68
40109,213.26
40111,217.08
40113,217.08
40115,209.68
40117,217.08
40119,209.68
40121,209.68
40123,209.68
40125,209.68
40127,209.68
40129,209.68
40131,217.08
40133,209.68
40135,248.69
40137,209.68
40139,209.68
40141,209.68
40143,217.08
40145,217.08
40147,209.68
40149,209.68
40151,209.68
40153,209.68
41001,226.00
41003,222.00
41005,211.95
41007,226.00
41009,226.00
41011,226.00
41013,226.00
41015,226.00
41017,233.00
41019,222.00
41021,226.00
41023,226.00
41025,226.00
41027,226.00
41029,222.00
41031,226.00
41033,222.00
41035,233.00
41037,233.00
41039,222.00
41041,226.00
41043,222.00
41045,226.00
41047,222.00
41049,226.00
41051,211.95
41053,222.00
41055,226.00
41057,226.00
41059,226.00
41061,226.00
41063,226.00
41065,226.00
41067,211.95
41069,226.00
41071,211.95
42001,230.96
42003,167.07
42005,167.07
42007,167.07
42009,184.97
42011,230.96
42013,184.97
42015,231.48
42017,260.84
42019,167.07
42021,184.97
42023,184.97
42025,231.48
42027,198.32
42029,260.84
42031,167.07
42033,184.97
42035,231.48
42037,198.32
42039,167.07
42041,214.34
42043,214.34
42045,260.84
42047,184.97
42049,167.07
42051,167.07
42053,167.07
42055,214.34
42057,214.34
42059,167.07
42061,184.97
42063,167.07
42065,184.97
42067,214.34
42069,231.48
42071,230.96
42073,167.07
42075,214.34
42077,198.32
42079,231.48
42081,231.48
42083,167.07
42085,167.07
42087,198.32
42089,231.48
42091,260.84
42093,198.32
42095,198.32
42097,198.32
42099,214.34
42101,260.84
42103,231.48
42105,184.97
42107,198.32
42109,198.32
42111,184.97
42113,231.48
42115,231.48
42117,231.48
42119,198.32
42121,167.07
42123,167.07
42125,167.07
42127,231.48
42129,167.07
42131,231.48
42133,230.96
44001,
44003,
44005,
44007,
44009,
45001,272.80
45003,301.93
45005,280.67
45007,288.39
45009,237.91
45011,305.68
45013,226.87
45015,237.91
45017,237.91
45019,237.91
45021,271.50
45023,282.34
45025,279.13
45027,267.61
45029,237.91
45031,279.55
45033,286.23
45035,237.91
45037,295.40
45039,268.93
45041,279.55
45043,261.05
45045,268.72
45047,295.72
45049,226.87
45051,261.05
45053,226.87
45055,268.93
45057,282.19
45059,268.72
45061,279.55
45063,268.93
45065,287.84
45067,286.23
45069,289.57
45071,268.93
45073,288.39
45075,237.91
45077,288.39
45079,268.93
45081,272.80
45083,265.63
45085,268.93
45087,266.28
45089,290.68
45091,282.19
46003,263.87
46005,253.27
46007,263.87
46009,263.87
46011,253.27
46013,253.27
46015,263.87
46017,263.87
46019,263.87
46021,253.27
46023,263.87
46025,253.27
46027,250.14
46029,253.27
46031,263.87
46033,263.87
46035,263.87
46037,253.27
46039,253.27
46041,263.87
46043,263.87
46045,253.27
46047,263.87
46049,253.27
46051,253.27
46053,263.87
46055,263.87
46057,253.27
46059,263.87
46061,263.87
46063,263.87
46065,263.87
46067,263.87
46069,263.87
46071,263.87
46073,263.87
46075,263.87
46077,253.27
46079,250.14
46081,263.87
46083,250.14
46085,263.87
46087,250.14
46089,253.27
46091,253.27
46093,263.87
46095,263.87
46097,263.87
46099,250.14
46101,250.14
46103,263.87
46105,263.87
46107,253.27
46109,253.27
46111,263.87
46113,263.87
46115,253.27
46117,263.87
46119,263.87
46121,263.87
46123,263.87
46125,250.14
46127,250.14
46129,253.27
46135,263.87
46137,263.87
47001,212.76
47003,262.79
47005,262.03
47007,219.29
47009,212.76
47011,219.29
47013,212.76
47015,234.77
47017,262.03
47019,235.91
47021,223.39
47023,262.03
47025,212.76
47027,234.77
47029,212.76
47031,262.79
47033,262.03
47035,234.77
47037,223.39
47039,262.03
47041,234.77
47043,262.79
47045,262.03
47047,216.99
47049,234.77
47051,219.29
47053,262.03
47055,262.79
47057,212.76
47059,235.91
47061,219.29
47063,212.76
47065,219.29
47067,235.91
47069,262.03
47071,262.03
47073,235.91
47075,216.99
47077,262.03
47079,262.03
47081,262.79
47083,262.79
47085,262.79
47087,234.77
47089,212.76
47091,235.91
47093,212.76
47095,262.03
47097,216.99
47099,262.79
47101,262.79
47103,262.79
47105,212.76
47107,219.29
47109,262.03
47111,234.77
47113,262.03
47115,219.29
47117,262.79
47119,262.79
47121,219.29
47123,212.76
47125,223.39
47127,262.79
47129,212.76
47131,262.03
47133,234.77
47135,262.79
47137,234.77
47139,219.29
47141,234.77
47143,219.29
47145,212.76
47147,223.39
47149,223.39
47151,212.76
47153,219.29
47155,212.76
47157,216.99
47159,234.77
47161,262.79
47163,235.91
47165,223.39
47167,216.99
47169,223.39
47171,235.91
47173,212.76
47175,234.77
47177,234.77
47179,235.91
47181,262.79
47183,262.03
47185,234.77
47187,223.39
47189,223.39
48001,234.50
48003,234.50
48005,234.50
48007,239.01
48009,280.39
48011,243.68
48013,226.84
48015,243.72
48017,234.50
48019,226.84
48021,234.50
48023,234.50
48025,234.50
48027,244.43
48029,226.84
48031,234.50
48033,234.50
48035,234.50
48037,246.01
48039,243.72
48041,246.25
48043,234.50
48045,234.50
48047,234.50
48049,234.50
48051,246.25
48053,234.50
48055,234.50
48057,277.78
48059,249.36
48061,204.94
48063,234.50
48065,243.68
48067,234.50
48069,234.50
48071,243.72
48073,234.50
48075,234.50
48077,280.39
48079,234.50
48081,234.50
48083,234.50
48085,273.28
48087,234.50
48089,234.50
48091,226.84
48093,234.50
48095,234.50
48097,234.50
48099,244.43
48101,234.50
48103,234.50
48105,234.50
48107,256.50
48109,234.50
48111,234.50
48113,273.28
48115,234.50
48117,234.50
48119,273.28
48121,273.28
48123,234.50
48125,234.50
48127,234.50
48129,234.50
48131,234.50
48133,234.50
48135,228.90
48137,234.50
48139,273.28
48141,225.64
48143,234.50
48145,234.50
48147,234.50
48149,234.50
48151,234.50
48153,234.50
48155,234.50
48157,243.72
48159,234.50
48161,234.50
48163,234.50
48165,234.50
48167,243.72
48169,234.50
48171,234.50
48173,234.50
48175,277.78
48177,234.50
48179,234.50
48181,295.69
48183,248.71
48185,234.50
48187,226.84
48189,234.50
48191,234.50
48193,234.50
48195,234.50
48197,234.50
48199,260.59
48201,243.72
48203,234.50
48205,234.50
48207,234.50
48209,234.50
48211,234.50
48213,234.50
48215,196.64
48217,234.50
48219,234.50
48221,234.50
48223,234.50
48225,234.50
48227,234.50
48229,234.50
48231,273.28
48233,234.50
48235,249.18
48237,234.50
48239,234.50
48241,234.50
48243,234.50
48245,260.59
48247,234.50
48249,234.50
48251,273.28
48253,249.36
48255,234.50
48257,273.28
48259,226.84
48261,234.50
48263,234.50
48265,234.50
48267,234.50
48269,234.50
48271,234.50
48273,234.50
48275,234.50
48277,234.50
48279,234.50
48281,244.43
48283,234.50
48285,234.50
48287,234.50
48289,234.50
48291,243.72
48293,234.50
48295,234.50
48297,234.50
48299,234.50
48301,234.50
48303,256.50
48305,234.50
48307,234.50
48309,236.32
48311,234.50
48313,234.50
48315,234.50
48317,234.50
48319,234.50
48321,234.50
48323,234.50
48325,226.84
48327,234.50
48329,242.70
48331,234.50
48333,234.50
48335,234.50
48337,234.50
48339,243.72
48341,234.50
48343,234.50
48345,234.50
48347,234.50
48349,234.50
48351,234.50
48353,234.50
48355,239.01
48357,234.50
48359,234.50
48361,260.59
48363,234.50
48365,234.50
48367,273.28
48369,234.50
48371,234.50
48373,234.50
48375,243.68
48377,234.50
48379,234.50
48381,243.68
48383,234.50
48385,234.50
48387,234.50
48389,234.50
48391,234.50
48393,234.50
48395,246.25
48397,273.28
48399,234.50
48401,248.71
48403,234.50
48405,234.50
48407,243.72
48409,239.01
48411,234.50
48413,234.50
48415,234.50
48417,234.50
48419,234.50
48421,234.50
48423,239.76
48425,234.50
48427,234.50
48429,234.50
48431,234.50
48433,234.50
48435,234.50
48437,234.50
48439,273.28
48441,249.36
48443,234.50
48445,234.50
48447,234.50
48449,234.50
48451,249.18
48453,234.50
48455,234.50
48457,234.50
48459,248.71
48461,234.50
48463,234.50
48465,234.50
48467,234.50
48469,277.78
48471,234.50
48473,243.72
48475,234.50
48477,234.50
48479,231.24
48481,234.50
48483,234.50
48485,280.39
48487,234.50
48489,234.50
48491,234.50
48493,226.84
48495,234.50
48497,273.28
48499,234.50
48501,234.50
48503,234.50
48505,234.50
48507,234.50
49001,237.51
49003,221.39
49005,224.62
49007,237.51
49009,237.51
49011,214.02
49013,237.51
49015,237.51
49017,237.51
49019,237.51
49021,236.12
49023,237.51
49025,237.51
49027,237.51
49029,221.39
49031,237.51
49033,224.62
49035,214.02
49037,237.51
49039,237.51
49041,237.51
49043,214.02
49045,214.02
49047,237.51
49049,223.32
49051,214.02
49053,236.12
49055,237.51
49057,221.39
50001,
50003,
50005,
50007,
50009,
50011,
50013,
50015,
50017,
50019,
50021,
50023,
50025,
50027,
51001,267.38
51003,252.95
51005,267.38
51007,253.36
51009,290.59
51011,290.59
51013,274.91
51015,267.38
51017,267.38
51019,290.59
51021,267.38
51023,287.02
51025,267.38
51027,267.38
51029,267.38
51031,290.59
51033,253.36
51035,267.38
51036,253.36
51037,267.38
51041,253.36
51043,274.91
51045,287.02
51047,267.38
51049,253.36
51051,267.38
51053,253.36
51057,267.38
51059,274.91
51061,274.91
51063,267.38
51065,252.95
51067,287.02
51069,279.70
51071,295.36
51073,279.84
51075,253.36
51077,267.38
51079,252.95
51081,267.38
51083,267.38
51085,253.36
51087,253.36
51089,267.38
51091,267.38
51093,279.84
51095,279.84
51097,253.36
51099,267.38
51101,253.36
51103,267.38
51105,267.38
51107,274.91
51109,253.36
51111,267.38
51113,267.38
51115,279.84
51117,267.38
51119,267.38
51121,295.36
51125,252.95
51127,253.36
51131,267.38
51133,267.38
51135,267.38
51137,267.38
51139,267.38
51141,267.38
51143,277.09
51145,253.36
51147,267.38
51149,253.36
51153,274.91
51155,295.36
51157,267.38
51159,267.38
51161,287.02
51163,267.38
51165,277.82
51167,267.38
51169,280.99
51171,267.38
51173,267.38
51175,267.38
51177,274.91
51179,274.91
51181,279.84
51183,253.36
51185,267.38
51187,274.91
51191,280.99
51193,267.38
51195,267.38
51197,267.38
51199,279.84
51510,274.91
51515,290.59
51520,280.99
51530,267.38
51540,252.95
51550,279.84
51570,253.36
51580,267.38
51590,277.09
51595,267.38
51600,274.91
51610,274.91
51620,267.38
51630,274.91
51640,267.38
51650,279.84
51660,277.82
51670,253.36
51678,267.38
51680,290.59
51683,274.91
51685,274.91
51690,267.38
51700,279.84
51710,279.84
51720,267.38
51730,253.36
51735,279.84
51740,279.84
51750,295.36
51760,253.36
51770,287.02
51775,287.02
51790,267.38
51800,279.84
51810,279.84
51820,267.38
51830,279.84
51840,279.70
53001,
53003,
53005,
53007,
53009,
53011,
53013,
53015,
53017,
53019,
53021,
53023,
53025,
53027,
53029,
53031,
53033,
53035,
53037,
53039,
53041,
53043,
53045,
53047,
53049,
53051,
53053,
53055,
53057,
53059,
53061,
53063,
53065,
53067,
53069,
53071,
53073,
53075,
53077,
54001,291.76
54003,262.91
54005,320.62
54007,320.62
54009,275.73
54011,282.15
54013,320.62
54015,320.62
54017,291.76
54019,320.62
54021,291.76
54023,262.91
54025,320.62
54027,262.91
54029,275.73
54031,262.91
54033,291.76
54035,291.76
54037,262.91
54039,320.62
54041,291.76
54043,320.62
54045,320.62
54047,320.62
54049,291.76
54051,275.73
54053,282.15
54055,320.62
54057,262.91
54059,320.62
54061,291.76
54063,320.62
54065,262.91
54067,320.62
54069,275.73
54071,262.91
54073,291.76
54075,291.76
54077,291.76
54079,282.15
54081,320.62
54083,291.76
54085,291.76
54087,320.62
54089,320.62
54091,291.76
54093,291.76
54095,291.76
54097,291.76
54099,282.15
54101,291.76
54103,291.76
54105,291.76
54107,291.76
54109,320.62
55001,255.26
55003,308.78
55005,308.50
55007,308.78
55009,267.54
55011,308.78
55013,308.78
55015,243.77
55017,321.13
55019,308.50
55021,243.77
55023,262.76
55025,243.77
55027,243.77
55029,267.54
55031,308.78
55033,321.13
55035,321.13
55037,295.51
55039,243.77
55041,295.51
55043,262.76
55045,243.77
55047,255.26
55049,262.76
55051,295.51
55053,308.78
55055,243.77
55057,255.26
55059,306.56
55061,267.54
55063,308.78
55065,262.76
55067,295.51
55069,299.43
55071,267.54
55073,299.43
55075,267.54
55077,255.26
55078,267.54
55079,324.30
55081,308.78
55083,267.54
55085,295.51
55087,243.77
55089,270.00
55091,321.13
55093,369.40
55095,369.40
55097,299.43
55099,308.50
55101,306.56
55103,255.26
55105,243.77
55107,308.50
55109,369.40
55111,255.26
55113,308.78
55115,267.54
55117,243.77
55119,308.50
55121,308.78
55123,262.76
55125,295.51
55127,243.77
55129,308.78
55131,270.00
55133,270.00
55135,243.77
55137,243.77
55139,243.77
55141,299.43
56001,433.60
56003,433.60
56005,433.60
56007,433.60
56009,433.60
56011,433.60
56013,433.60
56015,433.60
56017,433.60
56019,433.60
56021,397.10
56023,433.60
56025,413.59
56027,433.60
56029,433.60
56031,433.60
56033,433.60
56035,433.60
56037,433.60
56039,433.60
56041,433.60
56043,433.60
56045,433.60
72001,
72003,
72005,
72007,
72009,
72013,
72015,
72017,
72019,
72023,
72025,
72027,
72031,
72035,
72037,
72039,
72041,
72043,
72047,
72049,
72051,
72053,
72054,
72057,
72059,
72061,
72063,
72065,
72067,
72069,
72071,
72073,
72077,
72079,
72081,
72083,
72085,
72089,
72093,
72095,
72099,
72101,
72103,
72105,
72107,
72109,
72113,
72115,
72121,
72123,
72127,
72129,
72133,
72135,
72137,
72139,
72141,
72143,
72145,
72147,
72149,
72151,
72153,

